Date,Stage,Update / Action,Status,Next Step,Blockers (if any),Notes (if any)
22/08/2026,Brief Assigned,Project initialized with repository structure,Closed,Initial theme scaffolding,None,Commit 71ce4f6: Initial commit
22/08/2026,Setup Started,Core theme structure, base styles, and templates integrated,Closed,Build core features & page templates,None,Commit 503f59f: Complete baseline setup
09/11/2026,Build in Progress,Resolved initial tracker items TW-01 to TW-31; built workshop form and legal templates Team grid layout, theme pages manager status, header nav pills & buttons overflow fixes Theme-release build: GSAP animations, lazy-loading, SEO structured data & responsive layout,Closed,Fix layout grids and team manager Integrate branding & email notification system Merge release branch & polish forms,None,Commit 65d6ce4: Fix QA tracker issues TW-01 through TW-31 Commits 94460f6, 45efb13: Responsive navigation & team grid fixes Commit 93f9396: Add theme-release build
15/09/2026,Requirement Review,Brand consistency, email delivery pipeline, blog responsiveness,Closed,Build production theme release package,None,Commit 3ac97db: Fix QA tracker issues TW-20/29/33-37
17/09/2026,Submitted for QA,Layout fixes for mobile pills/badges and consent checkboxes; consolidated release directory,Closed,Bump asset versioning & bust cache,None,Commit d2d4a48: Fix mobile alignment & merge theme-release
17/09/2026,QA Feedback Received,Theme version bumped to 1.0.1 to clear CDN cache on main.css,Closed,Legal pages overhaul & favicon assets,None,Commit 37fb98b: Bump theme version to 1.0.1
18/09/2026,Corrections Submitted,Legal pages rework, header/hero updates, favicon set, form field refinements (v1.0.1 → v1.1.7),Closed,Final QA sweep across tracker tickets,None,Commits 059b3ef, cdc4a62: Legal/hero updates & remove consultation fields
19/09/2026,Final Review,Fixed comprehensive QA tracker tickets: TW-06/64/67/73/79/81/83/84/85 & items #1, 2, 5, 7–13,Under Final Review,Final client review & deployment sign-off,None,Commit bc71d36: Final QA tracker fixes
22/09/2026,Approved / Closed,Full release validation and final review,Approved / Closed,Production deployment,None,Milestone ready for handover
